{
    "feature_selector": "rfe",
    "clf_name": "knn",
    "clf_precision": [
        0.9778758190222698, 0.9762682585166889, 0.97760455434456,
        0.9773702645410319, 0.9771882060888148
    ],
    "clf_recall": [
        0.9775886031966643, 0.9760250173731758, 0.9758512856150104,
        0.9765462126476719, 0.9768936761640028
    ],
    "clf_fbeta": [
        0.9776572982474476, 0.9759834793043378, 0.9764329857738137,
        0.9767925632127994, 0.976903729113882
    ],
    "clf_support": [null, null, null, null, null],
    "clf_confusion_matrix": [
        [
            [3896, 22, 22, 24, 0, 4, 6, 4],
            [5, 734, 0, 0, 0, 0, 0, 0],
            [14, 0, 71, 0, 0, 0, 0, 0],
            [18, 0, 0, 82, 0, 0, 0, 0],
            [2, 0, 0, 0, 0, 0, 0, 0],
            [1, 0, 0, 0, 0, 581, 0, 0],
            [2, 0, 0, 0, 0, 0, 68, 0],
            [5, 0, 0, 0, 0, 0, 0, 195]
        ],
        [
            [3883, 33, 20, 23, 0, 3, 9, 7],
            [3, 736, 0, 0, 0, 0, 0, 0],
            [23, 0, 62, 0, 0, 0, 0, 0],
            [12, 0, 0, 88, 0, 0, 0, 0],
            [2, 0, 0, 0, 0, 0, 0, 0],
            [0, 0, 0, 0, 0, 582, 0, 0],
            [1, 0, 0, 0, 0, 0, 68, 0],
            [1, 0, 0, 0, 0, 1, 0, 199]
        ],
        [
            [3880, 23, 39, 24, 0, 3, 7, 2],
            [5, 733, 0, 0, 0, 0, 0, 0],
            [14, 1, 71, 0, 0, 0, 0, 0],
            [12, 0, 0, 87, 0, 0, 0, 0],
            [2, 0, 0, 0, 0, 0, 0, 0],
            [3, 0, 0, 0, 0, 580, 0, 0],
            [1, 0, 1, 0, 0, 0, 67, 0],
            [2, 0, 0, 0, 0, 0, 0, 199]
        ],
        [
            [3891, 20, 28, 24, 0, 6, 6, 3],
            [5, 733, 0, 0, 0, 0, 0, 0],
            [14, 0, 72, 0, 0, 0, 0, 0],
            [10, 0, 0, 89, 0, 0, 0, 0],
            [2, 0, 0, 0, 0, 0, 0, 0],
            [2, 1, 0, 0, 0, 580, 0, 0],
            [7, 0, 0, 0, 0, 0, 62, 0],
            [7, 0, 0, 0, 0, 0, 0, 194]
        ],
        [
            [3889, 37, 30, 13, 0, 3, 2, 4],
            [4, 734, 0, 0, 0, 0, 0, 0],
            [21, 0, 64, 0, 0, 0, 0, 0],
            [6, 0, 0, 94, 0, 0, 0, 0],
            [3, 0, 0, 0, 0, 0, 0, 0],
            [0, 0, 0, 0, 0, 583, 0, 0],
            [6, 0, 0, 0, 0, 0, 63, 0],
            [4, 0, 0, 0, 0, 0, 0, 196]
        ]
    ],
    "clf_features": {
        "Processor_pct_ Processor_Time": 5,
        "Processor_C1_ransitions_sec": 5,
        "Processor_pct_ Privileged_Time": 4,
        "Processor_DPCs_Queued_sec": 3,
        "Processor_Interrupts_sec": 4,
        "Process_Pool_Paged Bytes": 5,
        "Process_Working_Set_Peak": 5,
        "Process_IO_Write Operations_sec": 5,
        "Process_Page_File Bytes Peak": 2,
        "Process_IO_Other_Bytes_sec": 5,
        "Process_pct_ Processor_Time": 4,
        "Process_Working Set": 5,
        "Process_Page Faults_sec": 4,
        "Process_IO Other Operations_sec": 3,
        "Process_Thread Count": 5,
        "Process_IO Read Bytes_sec": 5,
        "Process_Handle Count": 2,
        "Network_I(Intel R _82574L_GNC)TCP_APS": 5,
        "Network_I(Intel R _82574L_GNC) Bytes Received sec": 4,
        "Network_I(Intel R _82574L_GNC) Bytes Total sec": 4,
        "Network_I(Intel R _82574L_GNC) Packets Sent Unicast sec": 2,
        "Network_I(Intel R _82574L_GNC) Packets sec": 2,
        "Memory Pool Paged Bytes": 4,
        "Memory Free & Zero Page List Bytes": 5,
        "Memory Cache Bytes Peak": 5,
        "Memory Commit Limit": 2,
        "Memory Demand Zero Faults sec": 4,
        "Memory Cache Bytes": 4,
        "Memory Pool Nonpaged Bytes": 5,
        "Memory Page Faults sec": 3,
        "Memory Transition Faults sec": 2,
        "Memory System Cache Resident Bytes": 5,
        "Memory Long-Term Average Standby Cache Lifetime (s)": 1,
        "Memory Standby Cache Reserve Bytes": 5,
        "Memory Standby Cache Core Bytes": 3,
        "Memory System Driver Resident Bytes": 5,
        "Memory Standby Cache Normal Priority Bytes": 5,
        "Memory Free System Page Table Entries": 5,
        "Memory Modified Page List Bytes": 5,
        "Memory System Driver Total Bytes": 5,
        "Memory Write Copies sec": 2,
        "LogicalDisk(_Total) Avg  Disk Bytes Write": 3,
        "LogicalDisk(_Total) pct_ Free Space": 4,
        "LogicalDisk(_Total) Split IO Sec": 2,
        "LogicalDisk(_Total) Free Megabytes": 4,
        "LogicalDisk(_Total) Disk Bytes sec": 3,
        "LogicalDisk(_Total) Avg  Disk Write Queue Length": 1,
        "LogicalDisk(_Total) Avg  Disk Queue Length": 3,
        "LogicalDisk(_Total) Avg  Disk Bytes Transfer": 2,
        "LogicalDisk(_Total) Avg  Disk sec Transfer": 4,
        "Processor_pct_ Interrupt_Time": 3,
        "Processor_pct_ C1_Time": 2,
        "Processor_pct_ DPC_Time": 3,
        "Process_Page_File Bytes": 4,
        "Process_pct_ User_Time": 3,
        "Process_IO_Write_Bytes_sec": 3,
        "Process_IO Data Operations_sec": 3,
        "Process_IO Data Bytes_sec": 1,
        "Network_I(Intel R _82574L_GNC) Packets Sent sec": 3,
        "Network_I(Intel R _82574L_GNC) Packets Received Unicast sec": 3,
        "Memory pct_ Committed Bytes In Use": 4,
        "Memory Pool Paged Resident Bytes": 1,
        "LogicalDisk(_Total) Disk Reads sec": 1,
        "LogicalDisk(_Total) Disk Writes sec": 1,
        "LogicalDisk(_Total) Avg  Disk sec Write": 3,
        "LogicalDisk(_Total) pct_ Disk Time": 2,
        "LogicalDisk(_Total) Avg  Disk Bytes Read": 1,
        "LogicalDisk(_Total) pct_ Disk Write Time": 1,
        "Process_IO Read_Operations_sec": 3,
        "Process_Working_Set_ Private": 2,
        "Network_I(Intel R _82574L_GNC) Bytes Sent sec": 2,
        "Network_I(Intel R _82574L_GNC) Packets Received sec": 2,
        "Network_I(Intel R _82574L_GNC) TCP Active RSC Connections": 1,
        "LogicalDisk(_Total) pct_ Idle Time": 1,
        "LogicalDisk(_Total) Disk Write Bytes sec": 1,
        "Process_Private_Bytes": 1,
        "Process_Pool Nonpaged Bytes": 1,
        "Memory Available KBytes": 1,
        "Memory Committed Bytes": 1,
        "LogicalDisk(_Total) Avg  Disk sec Read": 1,
        "LogicalDisk(_Total) Disk Transfers sec": 1,
        "Memory Cache Faults sec": 1
    }
}
