{
    "feature_selector": "rfe",
    "clf_name": "naive_bayes",
    "clf_precision": [
        0.853310374008258, 0.7857055899633665, 0.8621637517221976,
        0.7915980465140596, 0.7838863007815351
    ],
    "clf_recall": [
        0.6714732453092426, 0.36466296038915913, 0.7126476719944406,
        0.2760597637248089, 0.38273106323836
    ],
    "clf_fbeta": [
        0.7159955452282536, 0.34035484472457583, 0.7504081260594837,
        0.19363749333876773, 0.37401145140118774
    ],
    "clf_support": [null, null, null, null, null],
    "clf_confusion_matrix": [
        [
            [2398, 263, 147, 29, 0, 380, 655, 106],
            [0, 628, 0, 0, 0, 111, 0, 0],
            [2, 8, 29, 0, 0, 46, 0, 0],
            [0, 0, 8, 62, 0, 30, 0, 0],
            [0, 0, 0, 0, 0, 2, 0, 0],
            [0, 81, 0, 0, 0, 501, 0, 0],
            [0, 7, 0, 0, 0, 3, 60, 0],
            [12, 0, 0, 0, 0, 1, 0, 187]
        ],
        [
            [613, 462, 562, 35, 0, 992, 634, 680],
            [0, 651, 0, 0, 0, 88, 0, 0],
            [1, 7, 38, 0, 0, 33, 6, 0],
            [0, 0, 3, 64, 0, 33, 0, 0],
            [0, 0, 0, 0, 0, 2, 0, 0],
            [0, 92, 0, 0, 0, 490, 0, 0],
            [0, 0, 0, 0, 0, 2, 67, 0],
            [22, 0, 0, 0, 0, 3, 0, 176]
        ],
        [
            [2645, 90, 0, 38, 32, 757, 371, 45],
            [0, 683, 0, 0, 0, 54, 1, 0],
            [0, 8, 0, 0, 4, 71, 3, 0],
            [0, 0, 0, 61, 0, 31, 0, 7],
            [0, 0, 0, 0, 1, 0, 1, 0],
            [0, 115, 0, 0, 1, 461, 6, 0],
            [0, 0, 0, 0, 3, 15, 51, 0],
            [0, 0, 0, 0, 0, 1, 0, 200]
        ],
        [
            [156, 714, 316, 32, 0, 815, 846, 1099],
            [0, 587, 0, 0, 0, 151, 0, 0],
            [0, 4, 32, 0, 0, 48, 2, 0],
            [0, 13, 3, 60, 0, 23, 0, 0],
            [0, 0, 0, 0, 0, 2, 0, 0],
            [0, 78, 0, 0, 0, 505, 0, 0],
            [0, 18, 0, 0, 0, 1, 50, 0],
            [1, 1, 0, 0, 0, 0, 0, 199]
        ],
        [
            [745, 453, 635, 28, 0, 961, 656, 500],
            [0, 639, 0, 0, 0, 99, 0, 0],
            [0, 5, 41, 0, 0, 39, 0, 0],
            [0, 0, 3, 63, 0, 34, 0, 0],
            [0, 0, 0, 0, 0, 3, 0, 0],
            [0, 99, 0, 0, 0, 484, 0, 0],
            [0, 3, 0, 0, 0, 3, 63, 0],
            [32, 0, 0, 0, 0, 0, 0, 168]
        ]
    ],
    "clf_features": {
        "Processor_pct_ Processor_Time": 5,
        "Processor_C1_ransitions_sec": 5,
        "Processor_pct_ Privileged_Time": 5,
        "Processor_DPCs_Queued_sec": 2,
        "Processor_Interrupts_sec": 4,
        "Process_Pool_Paged Bytes": 5,
        "Process_IO Read_Operations_sec": 5,
        "Process_Working_Set_ Private": 4,
        "Process_Working_Set_Peak": 5,
        "Process_IO_Write Operations_sec": 5,
        "Process_Page_File Bytes Peak": 3,
        "Process_IO_Other_Bytes_sec": 5,
        "Process_pct_ Processor_Time": 5,
        "Process_Working Set": 4,
        "Process_Page Faults_sec": 5,
        "Process_IO Other Operations_sec": 4,
        "Process_Thread Count": 5,
        "Process_Handle Count": 3,
        "Network_I(Intel R _82574L_GNC)TCP_APS": 5,
        "Network_I(Intel R _82574L_GNC) Bytes Total sec": 4,
        "Network_I(Intel R _82574L_GNC) Packets Sent Unicast sec": 2,
        "Network_I(Intel R _82574L_GNC) Packets sec": 1,
        "Memory Pool Paged Bytes": 4,
        "Memory Free & Zero Page List Bytes": 4,
        "Memory Cache Bytes Peak": 5,
        "Memory Commit Limit": 1,
        "Memory Demand Zero Faults sec": 4,
        "Memory Cache Bytes": 3,
        "Memory Pool Nonpaged Bytes": 5,
        "Memory Transition Faults sec": 2,
        "Memory System Cache Resident Bytes": 5,
        "Memory Long-Term Average Standby Cache Lifetime (s)": 2,
        "Memory Standby Cache Reserve Bytes": 5,
        "Memory Standby Cache Core Bytes": 4,
        "Memory System Driver Resident Bytes": 5,
        "Memory Standby Cache Normal Priority Bytes": 5,
        "Memory pct_ Committed Bytes In Use": 4,
        "Memory Free System Page Table Entries": 5,
        "Memory Modified Page List Bytes": 5,
        "Memory System Driver Total Bytes": 5,
        "Memory Write Copies sec": 2,
        "LogicalDisk(_Total) Avg  Disk Bytes Write": 2,
        "LogicalDisk(_Total) pct_ Free Space": 5,
        "LogicalDisk(_Total) Split IO Sec": 3,
        "LogicalDisk(_Total) Avg  Disk sec Write": 4,
        "LogicalDisk(_Total) Disk Bytes sec": 2,
        "LogicalDisk(_Total) Avg  Disk Queue Length": 1,
        "LogicalDisk(_Total) Avg  Disk Bytes Transfer": 3,
        "LogicalDisk(_Total) pct_ Disk Write Time": 2,
        "LogicalDisk(_Total) Avg  Disk sec Transfer": 3,
        "Processor_pct_ Interrupt_Time": 2,
        "Processor_pct_ User_Time": 2,
        "Processor_pct_ C1_Time": 1,
        "Processor_pct_ DPC_Time": 3,
        "Process_Private_Bytes": 2,
        "Process_IO_Write_Bytes_sec": 3,
        "Process_IO Data Bytes_sec": 2,
        "Process_IO Read Bytes_sec": 4,
        "Network_I(Intel R _82574L_GNC) Bytes Received sec": 3,
        "Network_I(Intel R _82574L_GNC) Packets Received Unicast sec": 2,
        "Memory Available KBytes": 2,
        "Memory Page Faults sec": 3,
        "Memory Pool Paged Resident Bytes": 2,
        "LogicalDisk(_Total) Disk Writes sec": 3,
        "LogicalDisk(_Total) pct_ Disk Time": 4,
        "LogicalDisk(_Total) Avg  Disk Bytes Read": 1,
        "Process_Page_File Bytes": 1,
        "Process_Virtual_Bytes": 1,
        "Process_pct_ Privileged_Time": 1,
        "Network_I(Intel R _82574L_GNC) Bytes Sent sec": 2,
        "Network_I(Intel R _82574L_GNC) Packets Received sec": 2,
        "Network_I(Intel R _82574L_GNC) Packets Sent sec": 2,
        "Memory Committed Bytes": 1,
        "LogicalDisk(_Total) pct_ Idle Time": 1,
        "LogicalDisk(_Total) Avg  Disk sec Read": 2,
        "LogicalDisk(_Total) Disk Write Bytes sec": 1,
        "Process_Pool Nonpaged Bytes": 1,
        "Memory Pages sec": 1,
        "Memory Cache Faults sec": 2,
        "Process_pct_ User_Time": 1,
        "LogicalDisk(_Total) Free Megabytes": 1
    }
}
